<?xml version="1.0" encoding="UTF-8"?>
<beans xmlns="http://www.springframework.org/schema/beans"
	xmlns:xsi="http://www.w3.org/2001/XMLSchema-instance" 
	xmlns:tx="http://www.springframework.org/schema/tx"
	xmlns:mvc="http://www.springframework.org/schema/mvc" 
	xmlns:context="http://www.springframework.org/schema/context"
	xsi:schemaLocation="http://www.springframework.org/schema/beans
http://www.springframework.org/schema/beans/spring-beans-3.0.xsd
http://www.springframework.org/schema/tx
http://www.springframework.org/schema/tx/spring-tx-3.0.xsd
http://www.springframework.org/schema/context
http://www.springframework.org/schema/context/spring-context-3.0.xsd
http://www.springframework.org/schema/mvc
http://www.springframework.org/schema/mvc/spring-mvc-3.0.xsd">
<mvc:annotation-driven /> 
	
	<mvc:resources mapping="/resources/**" location="/resources/" />
	
	<context:annotation-config />
 	<context:component-scan base-package="com" />
	<bean id="dataSource" class="org.springframework.jdbc.datasource.DriverManagerDataSource">
		<property name="driverClassName" value="com.mysql.jdbc.Driver"/>
		<property name="url" value="jdbc:mysql://localhost:3306/fbs" />
		<property name="username" value="root" />
		<property name="password" value="1234" />
	</bean>
	

		  
	<bean id="sessionFactory" class="org.springframework.orm.hibernate4.LocalSessionFactoryBean">
		<property name="dataSource" ref="dataSource"/>
		<property name="packagesToScan" value="com.model"/>	
		<property name="hibernateProperties">
			<props>
				<prop key="hibernate.hbm2ddl.auto">update</prop>
				<prop key="hibernate.dialect">org.hibernate.dialect.MySQLInnoDBDialect</prop>
			</props>
		
		</property>
		<!-- <property name="annotatedClasses">
		<list>
		<value>com.model.Person</value>
		<value>com.model.Passenger</value>
		<value>com.model.AddressDetail</value>
		<value>com.model.Booking</value>
		<value>com.model.FareMaster</value>
		<value>com.model.FlightMaster</value>
		<value>com.model.FleetMaster</value>
		<value>com.model.LocationMaster</value>
		</list> -->
	
	
	
	</bean>
	<tx:annotation-driven transaction-manager="transactionManager" />
	
	 <bean id="transactionManager"
        class="org.springframework.orm.hibernate4.HibernateTransactionManager">
        <property name="sessionFactory" ref="sessionFactory" />
    </bean>
    
</beans>